sqft_living,price
1430 ,310000 
2950 ,650000 
1710 ,233000 
2320 ,580500 
1090 ,535000 
2620 ,605000 
4220 ,775000 
2250 ,292500 
1260 ,289000 
2750 ,571000 
1790 ,349000 
1900 ,360000 
1980 ,243500 
1960 ,247500 
2030 ,470000 
3230 ,480000 
2910 ,770000 
1170 ,519950 
2820 ,527700 
1060 ,420000 
2550 ,890000 
1250 ,282950 
2060 ,255000 
2020 ,420000 
2680 ,807100 
1560 ,284000 
3880 ,917500 
1120 ,425000 
1670 ,260000 
1940 ,297000 
910 ,274250 
2480 ,840000 
2440 ,677900 
850 ,280000 
1750 ,279950 
1510 ,479950 
1720 ,264950 
3760 ,1030000 
3650 ,2400000 
1810 ,260000 
2100 ,525000 
760 ,369900 
1700 ,210000 
2600 ,304900 
860 ,170000 
3830 ,2050000 
3500 ,780000 
2420 ,330000 
2160 ,360000 
1970 ,550000 
2040 ,208633 
2200 ,315000 
4290 ,1380000 
4290 ,1400000 
1470 ,548000 
2030 ,520000 
1450 ,230000 
1240 ,232000 
2050 ,740000 
1070 ,640000 
2490 ,940000 
2930 ,559900 
1420 ,265000 
2500 ,425000 
2580 ,552250 
1390 ,206600 
560 ,299000 
2270 ,855000 
990 ,437500 
1750 ,420000 
3040 ,795000 
3520 ,810000 
2090 ,338000 
2180 ,315000 
1640 ,450000 
2510 ,799000 
2120 ,403950 
1980 ,490000 
1600 ,330000 
3300 ,927000 
2720 ,530000 
940 ,352000 
1820 ,322500 
1510 ,650000 
2390 ,339000 
2910 ,570000 
2200 ,423000 
950 ,482000 
2350 ,1300000 
4040 ,988000 
2610 ,1000000 
1250 ,350000 
940 ,205000 
1220 ,333500 
1240 ,255000 
2570 ,348000 
1850 ,325000 
2270 ,340500 
1610 ,290900 
630 ,315000 
4860 ,1390000 
1580 ,452000 
1680 ,370000 
2110 ,725000 
1490 ,625000 
2770 ,1200000 
1330 ,240000 
1330 ,290000 
4760 ,2250000 
1190 ,288000 
6050 ,1600000 
1040 ,204000 
1610 ,358000 
1970 ,346900 
5403 ,2130000 
2320 ,318888 
4380 ,1450000 
750 ,261000 
2230 ,460000 
1180 ,610000 
1160 ,405000 
1830 ,338900 
1805 ,266000 
2130 ,730000 
1820 ,265000 
1400 ,372500 
3370 ,595000 
3200 ,1220000 
2420 ,399950 
3100 ,590000 
1880 ,485000 
3250 ,480000 
1070 ,415000 
2050 ,314500 
3740 ,595000 
2020 ,521000 
3180 ,1000000 
1140 ,269900 
2250 ,496500 
1255 ,312000 
1550 ,460000 
1800 ,865000 
1220 ,387500 
1830 ,373000 
2900 ,690000 
2830 ,700000 
1450 ,243000 
1010 ,405500 
2660 ,452000 
1670 ,289950 
1440 ,210000 
1050 ,245000 
1470 ,328000 
4230 ,985000 
1970 ,501000 
2156 ,347500 
1920 ,605000 
1170 ,459000 
2010 ,650000 
2150 ,950000 
3950 ,1310000 
2400 ,856600 
1400 ,330000 
2490 ,824000 
1200 ,390000 
2000 ,420000 
1240 ,320000 
2090 ,460000 
1940 ,232500 
1330 ,249950 
1630 ,422120 
2990 ,625000 
1950 ,361000 
1680 ,347000 
1150 ,310000 
1900 ,270000 
1350 ,430000 
1340 ,320000 
2390 ,450000 
1150 ,166600 
1650 ,539900 
1420 ,275000 
3064 ,1100000 
2040 ,720000 
2200 ,930000 
3200 ,1270000 
1330 ,374000 
1940 ,480000 
1230 ,209000 
1710 ,431650 
1410 ,205000 
2390 ,420000 
1250 ,288349 
1060 ,299995 
2020 ,253000 
1580 ,350000 
1810 ,260000 
1520 ,210000 
2970 ,469500 
1280 ,216000 
1760 ,420000 
1490 ,253000 
740 ,178500 
1560 ,270000 
1750 ,460000 
1930 ,321500 
870 ,271310 
1490 ,245000 
1920 ,554000 
1600 ,218500 
820 ,197500 
1780 ,470000 
1560 ,590000 
1920 ,515000 
1930 ,716500 
1020 ,399950 
1520 ,550000 
1190 ,250000 
1050 ,360000 
2010 ,310000 
1810 ,208000 
3410 ,500000 
990 ,285000 
720 ,151000 
1380 ,285000 
1260 ,195000 
3160 ,1130000 
2960 ,367000 
2540 ,350900 
3030 ,660000 
1350 ,353000 
2020 ,302000 
2550 ,272000 
1130 ,400000 
1020 ,225000 
1680 ,380000 
1860 ,510000 
2430 ,510000 
1930 ,425000 
3230 ,699000 
1570 ,315000 
1520 ,460000 
2010 ,605000 
1280 ,585000 
2530 ,902000 
1270 ,655000 
1540 ,357000 
1150 ,361000 
1580 ,525000 
2490 ,949000 
4190 ,460000 
2320 ,485500 
2180 ,330000 
2280 ,320000 
1710 ,211000 
2030 ,360000 
790 ,435000 
2340 ,645000 
1840 ,375000 
1980 ,410500 
3690 ,780000 
2000 ,546000 
1760 ,317000 
2630 ,495000 
2150 ,609000 
2680 ,470000 
2400 ,590000 
2350 ,747500 
2440 ,425000 
2950 ,530000 
1620 ,600000 
1510 ,279950 
830 ,110000 
2120 ,1200000 
1550 ,805000 
2080 ,567500 
1300 ,445950 
1720 ,274500 
3230 ,729953 
1350 ,345000 
3280 ,1080000 
1981 ,303700 
2440 ,672000 
1150 ,334000 
2790 ,1130000 
2470 ,503000 
2740 ,651000 
5320 ,1060000 
910 ,280000 
1920 ,635000 
1360 ,345000 
2100 ,283500 
2630 ,445000 
1770 ,1180000 
2390 ,799000 
920 ,340895 
2730 ,780000 
1320 ,350000 
1760 ,715000 
3770 ,1230000 
1010 ,215000 
660 ,250000 
3020 ,755000 
1500 ,707500 
1890 ,359000 
3340 ,1330000 
820 ,420000 
970 ,425000 
2690 ,340000 
2520 ,442000 
2210 ,432900 
1650 ,550000 
970 ,170000 
2090 ,555000 
2130 ,819000 
6563 ,1300000 
1510 ,415000 
1730 ,250000 
2360 ,957500 
1650 ,434500 
3090 ,602500 
3100 ,539950 
1210 ,380000 
1530 ,352000 
1920 ,443500 
1150 ,332000 
2320 ,655000 
1420 ,475000 
1550 ,372500 
2300 ,900000 
1790 ,390000 
1510 ,451101 
2500 ,895000 
2820 ,336000 
2530 ,454000 
1340 ,192000 
790 ,169317 
2380 ,415000 
1890 ,325000 
2040 ,561750 
1510 ,299000 
2190 ,340000 
1300 ,365000 
1330 ,425000 
1020 ,293000 
2090 ,339000 
1600 ,224000 
1610 ,390000 
2220 ,470000 
1140 ,467000 
930 ,281000 
1782 ,326000 
1740 ,340000 
3690 ,440000 
1820 ,453000 
1880 ,520500 
1180 ,360000 
2060 ,200000 
1400 ,337000 
2070 ,379500 
950 ,469000 
2560 ,1180000 
4370 ,2350000 
2350 ,400000 
1220 ,215500 
2420 ,950000 
2600 ,330000 
1920 ,240000 
2060 ,574000 
2360 ,480000 
1180 ,275000 
2260 ,453250 
1300 ,501000 
2360 ,753000 
1030 ,469000 
3620 ,1530000 
1580 ,249000 
1740 ,580000 
1080 ,805000 
2230 ,500000 
1900 ,685000 
2620 ,765000 
2100 ,207000 
2100 ,370000 
2190 ,411800 
2080 ,345000 
1490 ,835000 
2790 ,1050000 
2250 ,325000 
2770 ,685000 
5774 ,740000 
1450 ,490000 
2920 ,690000 
3190 ,1250000 
1560 ,335000 
1970 ,429800 
1340 ,252000 
2020 ,490000 
2260 ,780000 
680 ,200000 
3488 ,815000 
1260 ,210000 
2840 ,500000 
1010 ,180000 
1650 ,280000 
2760 ,830000 
1380 ,272000 
1980 ,760000 
2190 ,719950 
810 ,235000 
1010 ,350000 
2520 ,650000 
1530 ,320000 
1200 ,219950 
2340 ,1570000 
1720 ,380000 
1280 ,195000 
1690 ,297000 
2190 ,349000 
1240 ,150000 
1130 ,437000 
3840 ,884250 
870 ,235000 
2410 ,767500 
2410 ,715000 
2300 ,417000 
2070 ,1250000 
5180 ,1200000 
3430 ,750000 
1850 ,700000 
3040 ,870000 
2120 ,345000 
2790 ,723000 
1740 ,800000 
1800 ,325000 
2460 ,678500 
1410 ,655000 
2100 ,735000 
2250 ,550000 
1860 ,280000 
1460 ,570000 
2080 ,342500 
1400 ,460000 
2450 ,1550000 
1450 ,150000 
2400 ,333000 
2270 ,311750 
2770 ,347000 
1600 ,275000 
2630 ,665000 
3840 ,875000 
1880 ,284000 
2170 ,510000 
1480 ,468000 
1600 ,515000 
2400 ,403500 
1300 ,235000 
2260 ,660000 
1990 ,569000 
1720 ,275000 
4350 ,900000 
1020 ,322500 
2850 ,993000 
2160 ,429000 
1700 ,437000 
3060 ,446500 
1820 ,283000 
740 ,250000 
770 ,307000 
2290 ,625000 
3200 ,618000 
1560 ,305000 
1920 ,230000 
2220 ,1100000 
2600 ,482000 
2070 ,469000 
2190 ,437000 
2400 ,592000 
1670 ,335000 
2270 ,446000 
950 ,325000 
1940 ,322500 
1700 ,603000 
4750 ,487000 
2320 ,335000 
1400 ,699000 
1600 ,562000 
2950 ,992000 
1700 ,335000 
780 ,306000 
2550 ,355000 
1960 ,355950 
1090 ,143000 
1770 ,200000 
3160 ,1600000 
1290 ,265000 
2490 ,306000 
3960 ,1220000 
3190 ,1050000 
2140 ,236500 
1320 ,294000 
1510 ,322000 
2400 ,280000 
1840 ,285000 
1220 ,390000 
1560 ,269000 
1010 ,225000 
1400 ,340000 
3690 ,865000 
3200 ,490000 
1440 ,465000 
1630 ,265000 
2460 ,646000 
2310 ,785000 
2940 ,1600000 
3900 ,1620000 
3900 ,1650000 
1480 ,275000 
1250 ,212000 
2290 ,347500 
1500 ,415000 
1440 ,375000 
2580 ,620000 
1880 ,565000 
2420 ,399500 
900 ,320000 
900 ,381500 
1070 ,299000 
3790 ,1170000 
2060 ,420000 
1480 ,395000 
3780 ,980000 
3770 ,872000 
2980 ,900000 
2320 ,475000 
2980 ,350000 
2930 ,840000 
2660 ,523000 
1570 ,356500 
1750 ,456150 
2490 ,470000 
1890 ,271900 
2240 ,415000 
2240 ,675000 
2560 ,780000 
1330 ,320000 
1740 ,410000 
1890 ,298500 
3250 ,779000 
2380 ,699900 
1540 ,278500 
2710 ,535000 
2970 ,726000 
3130 ,866059 
2040 ,555000 
2040 ,325900 
1730 ,275000 
1980 ,638500 
1360 ,223000 
1980 ,711000 
2470 ,525000 
2340 ,459950 
1480 ,256000 
3070 ,900000 
1170 ,145600 
1980 ,450000 
2210 ,590000 
1140 ,576000 
3080 ,1400000 
1560 ,306000 
1400 ,399950 
2280 ,534000 
1760 ,322000 
1130 ,443000 
1530 ,335000 
1110 ,249000 
1730 ,700000 
1070 ,406650 
3590 ,798000 
1960 ,180000 
2670 ,685000 
1640 ,311000 
2550 ,675000 
1690 ,430000 
1420 ,579950 
1300 ,455000 
1200 ,160000 
1910 ,1130000 
1170 ,350000 
1380 ,265000 
780 ,167000 
840 ,209000 
2170 ,550000 
1630 ,313000 
2140 ,250750 
2830 ,999000 
1900 ,435000 
1920 ,495000 
2160 ,385000 
2250 ,765000 
2130 ,802000 
3360 ,590000 
2150 ,639000 
1590 ,259000 
1100 ,441000 
2540 ,945000 
970 ,200450 
2010 ,502000 
1820 ,367000 
2470 ,565000 
3930 ,1800000 
2050 ,790000 
2030 ,595000 
2090 ,200000 
2120 ,329500 
1080 ,210000 
3180 ,1130000 
960 ,158800 
1670 ,483500 
2310 ,524000 
1960 ,759000 
1160 ,275000 
1020 ,450000 
1120 ,178500 
2340 ,485000 
2230 ,700000 
1360 ,415000 
1160 ,700000 
2500 ,587500 
1890 ,490000 
1070 ,660000 
1940 ,285000 
1550 ,440000 
1030 ,210000 
1240 ,427500 
1660 ,680000 
1660 ,650000 
1580 ,551000 
940 ,252000 
1560 ,491500 
1640 ,308000 
1020 ,625000 
790 ,439000 
2020 ,575000 
1530 ,418000 
2930 ,1100000 
1400 ,349950 
1400 ,507250 
2100 ,600000 
2550 ,855000 
580 ,315000 
3600 ,875000 
2240 ,555000 
1860 ,380000 
2200 ,885000 
1050 ,206000 
1250 ,208000 
640 ,426000 
2120 ,400000 
2230 ,428000 
1880 ,410000 
2360 ,590000 
3800 ,549900 
1780 ,318500 
1350 ,240000 
700 ,250000 
3180 ,340000 
1570 ,835000 
2680 ,437500 
2460 ,425000 
1290 ,494000 
2305 ,705000 
3890 ,970000 
1760 ,579000 
2430 ,449500 
2730 ,756000 
3070 ,1570000 
790 ,189000 
2700 ,390000 
1200 ,420000 
1910 ,297500 
1260 ,216000 
2200 ,1100000 
1657 ,546000 
1680 ,419600 
2270 ,735000 
1740 ,665000 
1810 ,329500 
2350 ,805000 
1620 ,330000 
1520 ,380000 
4220 ,1170000 
1760 ,629000 
2820 ,697000 
1610 ,690000 
1860 ,967000 
2060 ,425000 
1580 ,535000 
2130 ,338500 
4520 ,1250000 
2170 ,802000 
3650 ,1580000 
2120 ,436000 
880 ,334550 
1420 ,461000 
1270 ,540000 
1940 ,529000 
3030 ,680000 
1140 ,200000 
2440 ,495000 
3210 ,889000 
1870 ,933000 
1920 ,625000 
1950 ,484000 
1530 ,458950 
2450 ,525000 
1000 ,286300 
2020 ,356000 
1060 ,510000 
1840 ,406500 
2410 ,938000 
2970 ,715000 
2490 ,634000 
1680 ,480000 
2410 ,1440000 
1820 ,350000 
2080 ,385000 
1010 ,201700 
5230 ,1350000 
1870 ,455000 
1520 ,640000 
840 ,360000 
3360 ,735000 
5370 ,884900 
2690 ,775000 
1320 ,422000 
2570 ,795000 
1410 ,211000 
2620 ,672000 
1490 ,312500 
1140 ,549000 
3490 ,759000 
2500 ,411000 
2540 ,374950 
1520 ,533250 
2700 ,680000 
2270 ,304999 
760 ,95000 
2500 ,430000 
2500 ,525000 
1360 ,445000 
4220 ,1580000 
3620 ,856000 
1920 ,399950 
2570 ,889000 
930 ,300000 
2220 ,576750 
3130 ,675000 
3010 ,359950 
2260 ,367000 
2200 ,525000 
1790 ,280000 
2050 ,442000 
1200 ,210000 
1010 ,216000 
1010 ,390000 
1340 ,357000 
2840 ,440000 
770 ,248000 
2620 ,680000 
1100 ,395000 
3410 ,1230000 
2170 ,876650 
2490 ,270000 
840 ,220000 
2720 ,408500 
1140 ,716000 
2460 ,965000 
1890 ,825000 
1100 ,210000 
2870 ,540000 
1530 ,635000 
1590 ,405000 
1370 ,239000 
1500 ,215000 
1800 ,442500 
2070 ,535000 
1950 ,400000 
1280 ,304000 
2410 ,550000 
2100 ,317000 
3150 ,700000 
2840 ,1150000 
2110 ,460000 
2160 ,665000 
2420 ,600000 
1920 ,502000 
2730 ,350000 
720 ,155000 
3500 ,790000 
1350 ,241250 
2530 ,720000 
1870 ,559950 
1840 ,639000 
3190 ,760750 
1450 ,550000 
2860 ,825050 
2540 ,690000 
1460 ,580000 
1570 ,227064 
2640 ,650000 
1730 ,465000 
2090 ,725000 
2970 ,526000 
1460 ,244000 
1310 ,300000 
1660 ,350000 
1070 ,220000 
1800 ,280000 
2990 ,1060000 
1940 ,359950 
2680 ,698000 
4190 ,910000 
1990 ,661000 
1560 ,625000 
1240 ,523000 
1090 ,292000 
1680 ,526000 
2910 ,701000 
1640 ,522500 
3180 ,523000 
1200 ,232000 
2010 ,245000 
1930 ,273000 
2050 ,790000 
1010 ,775000 
1230 ,393500 
2950 ,1050000 
1730 ,423000 
1900 ,512500 
1340 ,369000 
3240 ,1290000 
3280 ,1880000 
1730 ,379260 
2010 ,475000 
1880 ,710000 
2820 ,615000 
940 ,375000 
4140 ,2400000 
1910 ,300000 
1170 ,192950 
1410 ,325000 
1130 ,316000 
1620 ,386000 
1520 ,600000 
2840 ,339000 
1520 ,167000 
1870 ,455000 
860 ,227000 
2890 ,978000 
960 ,660000 
1120 ,435000 
1500 ,437000 
1520 ,499950 
1640 ,350000 
3250 ,1050000 
2240 ,550000 
1480 ,335000 
1980 ,796000 
1610 ,565000 
1270 ,425000 
1970 ,374950 
1870 ,285000 
2610 ,320000 
1670 ,448000 
3240 ,812000 
960 ,379500 
1940 ,790000 
2650 ,725000 
4380 ,1050000 
4040 ,910000 
1630 ,360000 
2020 ,308000 
2980 ,950000 
1790 ,393000 
1400 ,425000 
1620 ,327000 
3120 ,444900 
1370 ,469000 
2830 ,295500 
2064 ,567035 
2200 ,300000 
1490 ,285000 
1860 ,450000 
1640 ,700000 
1790 ,603000 
1300 ,397500 
1390 ,280000 
2520 ,250000 
1310 ,370000 
2430 ,362300 
2790 ,640000 
1650 ,238000 
1690 ,302500 
2220 ,585000 
1850 ,268000 
1700 ,534500 
2190 ,435000 
4660 ,760000 
770 ,407500 
1970 ,291700 
1610 ,626500 
1400 ,295000 
1140 ,380000 
800 ,414000 
1770 ,375000 
2710 ,668500 
1940 ,540000 
3450 ,1040000 
2300 ,765000 
1450 ,465000 
2605 ,599900 
2870 ,646000 
3100 ,1130000 
1860 ,775000 
1120 ,266000 
1260 ,630000 
2780 ,666000 
950 ,330000 
750 ,319000 
2800 ,1850000 
1330 ,205500 
3740 ,660000 
1140 ,310000 
2530 ,429000 
1760 ,720000 
1390 ,259000 
1110 ,369950 
1540 ,227500 
2090 ,274000 
1910 ,650000 
1790 ,437500 
1900 ,675000 
2070 ,310000 
1830 ,349000 
1410 ,760000 
1260 ,215000 
1350 ,233000 
1840 ,248000 
2740 ,407500 
1833 ,719000 
3597 ,330000 
1370 ,268000 
1350 ,498800 
2890 ,825000 
1390 ,261000 
1900 ,562200 
910 ,350000 
2360 ,499900 
2710 ,690000 
1870 ,832500 
3040 ,653000 
1460 ,220650 
1730 ,268000 
1690 ,440000 
2930 ,635000 
3360 ,329999 
2340 ,572000 
2130 ,450000 
1510 ,1000000 
3070 ,525000 
1540 ,450000 
1400 ,340000 
3230 ,815000 
2601 ,625000 
2500 ,450000 
3030 ,790000 
2220 ,490000 
2430 ,335000 
1620 ,395000 
3420 ,692500 
2200 ,547000 
1600 ,325000 
950 ,320000 
1995 ,266000 
1270 ,415000 
1040 ,440000 
1880 ,340000 
1110 ,600000 
1590 ,337000 
1200 ,249000 
3270 ,600000 
5990 ,1530000 
1550 ,250000 
1040 ,430000 
2010 ,479990 
2600 ,625000 
2920 ,859000 
2270 ,656000 
1790 ,475000 
2560 ,499000 
1200 ,420000 
1400 ,267000 
4750 ,1310000 
1050 ,310000 
2100 ,540000 
2540 ,510000 
3400 ,950000 
4270 ,770000 
2870 ,690700 
3140 ,529888 
1050 ,235000 
3695 ,994900 
2250 ,395000 
2590 ,300000 
1220 ,611900 
1100 ,240000 
890 ,169000 
1280 ,200500 
1640 ,478000 
1850 ,329000 
2670 ,669950 
3000 ,850000 
1960 ,792500 
2080 ,389000 
760 ,352000 
1460 ,685000 
1170 ,250000 
1520 ,299000 
820 ,532500 
1660 ,675000 
1630 ,375000 
1520 ,292600 
3370 ,890000 
2803 ,379000 
2120 ,582000 
2720 ,690000 
2320 ,307000 
1300 ,350000 
1560 ,368000 
2670 ,865000 
2210 ,535000 
720 ,150000 
1910 ,475000 
2038 ,319950 
2700 ,723000 
2870 ,399000 
920 ,285000 
1360 ,244000 
2320 ,779000 
2120 ,575000 
1310 ,323000 
2200 ,295000 
2280 ,520000 
1090 ,158000 
2330 ,535000 
3270 ,785000 
2160 ,433000 
2880 ,525000 
2720 ,680000 
2480 ,540000 
3930 ,1250000 
2240 ,805000 
1580 ,325000 
2120 ,300000 
1200 ,290000 
1460 ,259950 
2100 ,483000 
1690 ,719000 
2330 ,660000 
3020 ,845800 
2060 ,257500 
1050 ,325000 
1680 ,258000 
1360 ,329950 
1660 ,765000 
1810 ,304000 
2830 ,1090000 
1160 ,322500 
1450 ,230000 
1930 ,432500 
1260 ,354000 
2170 ,260000 
1800 ,377000 
1660 ,530000 
1160 ,250000 
2230 ,565000 
2000 ,630000 
1390 ,258000 
1810 ,362000 
2060 ,360000 
1650 ,272000 
1160 ,422000 
2010 ,463000 
2540 ,630000 
2500 ,350000 
1420 ,510000 
1200 ,242500 
2020 ,750000 
880 ,235000 
2410 ,560000 
1000 ,352500 
1470 ,487000 
2620 ,538000 
2850 ,1600000 
4280 ,1200000 
3238 ,355425 
2090 ,349950 
920 ,203000 
2350 ,770000 
1590 ,395000 
1780 ,472000 
2110 ,565000 
3760 ,555000 
840 ,185000 
2220 ,675000 
2320 ,600000 
1180 ,347500 
2050 ,629000 
2360 ,1090000 
3830 ,1850000 
2150 ,580000 
2130 ,215000 
2740 ,648000 
2280 ,335000 
2170 ,842000 
1340 ,225000 
1390 ,417500 
2050 ,550000 
2570 ,625700 
2660 ,595000 
1840 ,730001 
2130 ,325000 
1150 ,450000 
2680 ,653000 
1130 ,207000 
2430 ,690000 
2750 ,980000 
2220 ,435000 
1700 ,616000 
1610 ,203000 
2490 ,572500 
1510 ,254000 
1300 ,560000 
2180 ,473000 
3470 ,1730000 
1390 ,275000 
1050 ,175000 
2060 ,550000 
2310 ,651100 
5450 ,3420000 
1290 ,268500 
1350 ,429000 
1900 ,360000 
1250 ,234900 
1190 ,350000 
2240 ,497000 
860 ,170000 
2980 ,817250 
1780 ,261000 
1850 ,515000 
1090 ,440000 
3090 ,908950 
1445 ,387000 
1010 ,225000 
2090 ,465000 
1260 ,194000 
920 ,255000 
1070 ,152000 
1610 ,435000 
3190 ,587000 
3150 ,600000 
2040 ,294000 
2240 ,975000 
1520 ,450000 
1260 ,230000 
4250 ,2200000 
1360 ,415000 
670 ,175000 
1920 ,329950 
1960 ,445000 
2095 ,670000 
1880 ,320000 
1500 ,239000 
3370 ,713900 
1060 ,340000 
1160 ,440000 
840 ,361500 
2740 ,541125 
720 ,185000 
1460 ,309950 
2110 ,780000 
1384 ,273000 
3060 ,390000 
3440 ,610000 
2200 ,216600 
1740 ,382000 
1960 ,460000 
1440 ,352000 
1760 ,471000 
930 ,287000 
2940 ,675000 
1070 ,346000 
1050 ,219000 
2070 ,450000 
1790 ,402000 
3100 ,792000 
1210 ,219950 
1970 ,606000 
1360 ,257500 
3480 ,810000 
1820 ,275000 
2130 ,380000 
1170 ,200000 
1730 ,635000 
2310 ,334000 
1960 ,280000 
1280 ,175000 
1910 ,435000 
3430 ,1200000 
3020 ,490000 
1670 ,545000 
1850 ,535000 
2330 ,490000 
1510 ,310650 
1970 ,289000 
1290 ,240000 
1880 ,334950 
1820 ,455850 
3520 ,905000 
1470 ,380000 
1830 ,494000 
1540 ,582500 
1730 ,320000 
900 ,263300 
860 ,215000 
3610 ,870000 
1430 ,800000 
1440 ,437000 
2310 ,850000 
4440 ,600000 
1250 ,144000 
3120 ,1580000 
710 ,345000 
980 ,350000 
1750 ,279000 
1660 ,315000 
810 ,238950 
1370 ,257950 
1150 ,354500 
2420 ,279950 
1760 ,647500 
1810 ,517500 
1340 ,474905 
1610 ,449950 
1900 ,340000 
1840 ,490000 
2330 ,344950 
3010 ,998160 
1700 ,550000 
2360 ,362000 
1560 ,525000 
730 ,217000 
2910 ,525000 
3160 ,545000 
7220 ,1940000 
5480 ,3650000 
1590 ,255000 
1160 ,199500 
2300 ,610000 
3300 ,1350000 
1410 ,365000 
1820 ,318400 
2900 ,1340000 
2150 ,573000 
1780 ,580000 
1840 ,301000 
1740 ,600000 
1300 ,300000 
1530 ,536000 
1980 ,550000 
2250 ,445000 
1170 ,302000 
3170 ,1040000 
2930 ,600000 
1060 ,354000 
1650 ,472500 
2470 ,515000 
2670 ,612000 
1350 ,400000 
2410 ,735000 
1640 ,471000 
1830 ,415000 
2200 ,358000 
2660 ,580000 
1600 ,442500 
3440 ,554000 
680 ,193000 
1070 ,455000 
2290 ,325500 
1990 ,359000 
2100 ,650000 
2960 ,385000 
2440 ,769000 
2150 ,468000 
3100 ,449950 
1200 ,275000 
2430 ,602000 
910 ,301000 
2060 ,647500 
3570 ,725000 
1210 ,299950 
990 ,430000 
2790 ,815000 
1440 ,339888 
1220 ,350000 
3340 ,311000 
2110 ,425000 
1550 ,390000 
4030 ,890000 
2120 ,285000 
2330 ,473975 
1315 ,347000 
1890 ,1430000 
1910 ,657500 
3090 ,1000000 
1110 ,255000 
1270 ,765000 
1640 ,775000 
2320 ,470101 
4410 ,1440000 
1650 ,525000 
1410 ,406100 
1710 ,332544 
2300 ,615000 
2310 ,327500 
2670 ,810000 
700 ,266000 
2060 ,509500 
2760 ,424950 
1150 ,410500 
2710 ,502700 
1660 ,250000 
1800 ,655000 
3510 ,1370000 
970 ,546000 
1470 ,435000 
1900 ,315000 
1240 ,345000 
1330 ,375000 
1880 ,389800 
1740 ,612000 
3160 ,589900 
2120 ,650000 
1330 ,280000 
2420 ,649950 
2600 ,452000 
5180 ,1490000 
2040 ,210500 
4010 ,1400000 
1780 ,475000 
1540 ,240000 
3050 ,707000 
1620 ,275000 
2600 ,583000 
4810 ,1300000 
2070 ,359500 
1790 ,560000 
4750 ,2180000 
2100 ,368000 
3150 ,750000 
1090 ,149000 
2670 ,605000 
2490 ,292000 
1050 ,415000 
970 ,261000 
1720 ,667000 
1640 ,190000 
1990 ,328000 
1770 ,241000 
3040 ,647000 
3640 ,780000 
1380 ,295000 
2286 ,481000 
1460 ,237950 
1510 ,470000 
880 ,330000 
1560 ,528000 
1270 ,346000 
1720 ,360000 
1810 ,713400 
1460 ,222000 
910 ,605000 
2490 ,725000 
2240 ,410000 
2680 ,721000 
1340 ,303000 
2720 ,710000 
1850 ,280017 
3200 ,1260000 
2050 ,568000 
1720 ,500000 
2690 ,500000 
1140 ,277000 
2560 ,655000 
3120 ,615000 
950 ,304000 
2940 ,605000 
1820 ,500007 
1950 ,449999 
2040 ,506000 
1240 ,375000 
2200 ,325000 
920 ,555500 
2060 ,700000 
2570 ,654000 
1530 ,620000 
1720 ,547000 
1210 ,285000 
1740 ,302000 
1720 ,555000 
1030 ,595000 
1320 ,275000 
2440 ,485000 
3370 ,1250000 
1400 ,483000 
2500 ,599950 
5850 ,1530000 
2050 ,500000 
2160 ,849000 
3220 ,384000 
1610 ,510000 
780 ,250000 
1630 ,740000 
2320 ,1070000 
2070 ,880000 
2095 ,292500 
2050 ,584999 
1270 ,299000 
1750 ,360000 
720 ,275500 
1020 ,485000 
990 ,245000 
1740 ,575000 
1490 ,615000 
1900 ,520500 
3470 ,599000 
1750 ,370000 
1640 ,242000 
3080 ,841000 
1640 ,295000 
910 ,465000 
2770 ,470000 
1530 ,231000 
1810 ,358000 
1430 ,403250 
2480 ,579000 
1220 ,935000 
1860 ,380000 
810 ,450000 
2120 ,1320000 
970 ,219900 
1940 ,520000 
2000 ,320000 
1500 ,578000 
1720 ,535000 
3680 ,679000 
1730 ,563000 
2000 ,725000 
2570 ,625000 
810 ,505000 
2880 ,680000 
1500 ,379900 
1290 ,205000 
1320 ,387500 
1030 ,367500 
1640 ,390000 
1160 ,415000 
2230 ,449000 
1470 ,300000 
1320 ,445800 
2910 ,805000 
2140 ,481500 
1630 ,507200 
2300 ,738500 
1060 ,206000 
2590 ,250000 
3820 ,830000 
2010 ,960000 
3950 ,1270000 
1600 ,220000 
2320 ,694000 
2260 ,864000 
1000 ,725000 
2030 ,545000 
1540 ,345000 
1530 ,449950 
1960 ,415000 
1690 ,295000 
3470 ,2150000 
1030 ,345000 
1630 ,376500 
3920 ,1000000 
990 ,458000 
1200 ,250000 
2400 ,499000 
2900 ,790000 
1250 ,340000 
2050 ,535500 
1940 ,565000 
2180 ,472000 
1110 ,440150 
790 ,375000 
990 ,269950 
4030 ,855000 
1480 ,276000 
3080 ,440000 
3000 ,430000 
2130 ,325000 
2150 ,615000 
2160 ,750000 
1550 ,266000 
1590 ,291000 
2400 ,745000 
2290 ,685900 
1200 ,210000 
1070 ,335000 
2070 ,653450 
1050 ,285000 
1400 ,217000 
1400 ,231200 
1300 ,439888 
4140 ,950000 
1500 ,425000 
2600 ,252500 
2400 ,406550 
1020 ,300000 
1590 ,463000 
1970 ,371000 
2570 ,634000 
2770 ,820000 
2180 ,785000 
1580 ,537000 
1440 ,203000 
1400 ,279000 
4580 ,2900000 
2720 ,535000 
1360 ,520000 
2150 ,360000 
960 ,332000 
1509 ,401500 
1380 ,268000 
860 ,160000 
910 ,520000 
930 ,141800 
5230 ,3400000 
2440 ,954500 
1260 ,342000 
2320 ,305000 
2330 ,420000 
1670 ,476500 
1230 ,275000 
2110 ,435000 
2550 ,460000 
3590 ,1330000 
3820 ,920000 
1720 ,775000 
1200 ,455000 
2350 ,1200000 
4120 ,1850000 
3480 ,590000 
1240 ,319950 
2050 ,540000 
1680 ,380000 
3410 ,720000 
1990 ,537000 
2190 ,525000 
1220 ,526000 
1200 ,480000 
970 ,303000 
1570 ,299950 
1580 ,333000 
1720 ,220000 
1750 ,394000 
4120 ,1250000 
1340 ,186000 
2370 ,328000 
4410 ,1630000 
2220 ,275000 
1150 ,475000 
1450 ,357500 
1170 ,459500 
1730 ,258000 
1260 ,665000 
1020 ,165000 
1970 ,297000 
1030 ,365000 
5660 ,955000 
1540 ,500000 
1540 ,525000 
670 ,107000 
1752 ,249000 
860 ,222900 
1680 ,453000 
1820 ,320000 
2120 ,733500 
3330 ,555000 
790 ,342888 
1680 ,619500 
1180 ,220000 
2040 ,675000 
1000 ,375000 
1280 ,170000 
2200 ,320900 
1800 ,508000 
1200 ,228950 
1290 ,370000 
2580 ,787888 
1470 ,602000 
1720 ,285000 
860 ,219900 
2090 ,400000 
670 ,245000 
1980 ,220000 
2160 ,317000 
1630 ,474900 
1690 ,314950 
1640 ,500000 
1290 ,525000 
2330 ,577500 
3080 ,1660000 
770 ,315000 
2910 ,925000 
5270 ,782000 
1050 ,414500 
1380 ,185000 
1610 ,262500 
1520 ,362500 
1990 ,536000 
1370 ,446000 
2710 ,1250000 
2610 ,335000 
1820 ,582000 
2770 ,700000 
1270 ,235000 
1820 ,475000 
1070 ,239300 
3510 ,970000 
2420 ,307999 
840 ,290000 
1010 ,285000 
1640 ,525000 
1530 ,245000 
2230 ,549950 
2040 ,330000 
1530 ,452000 
1000 ,410988 
3180 ,1200000 
1810 ,240000 
1430 ,330000 
1996 ,285000 
1530 ,338000 
560 ,249900 
2750 ,360000 
2570 ,635000 
1910 ,250000 
2130 ,880000 
2400 ,442500 
2560 ,448000 
3020 ,955000 
1220 ,245000 
910 ,533050 
2980 ,565000 
750 ,355000 
1460 ,381000 
410 ,325000 
1570 ,299990 
4460 ,833450 
1520 ,314950 
1660 ,601150 
2340 ,545000 
1010 ,175000 
1610 ,430000 
1460 ,225000 
2120 ,329950 
2460 ,995000 
1180 ,289900 
1100 ,440000 
1770 ,286000 
1200 ,260000 
1570 ,318000 
1610 ,255000 
2930 ,549950 
1570 ,195000 
1520 ,450000 
1610 ,270000 
1410 ,390000 
4430 ,1490000 
1630 ,249000 
2490 ,590000 
2810 ,301000 
880 ,427550 
1040 ,361000 
1830 ,460000 
1670 ,373000 
2660 ,525000 
2380 ,650000 
2031 ,335000 
1670 ,490000 
1390 ,272000 
3000 ,520000 
1280 ,422250 
1830 ,433000 
2340 ,438000 
2810 ,825000 
720 ,287000 
3070 ,550000 
2920 ,1250000 
1540 ,659000 
1330 ,175000 
2480 ,630000 
2880 ,1000000 
2434 ,285000 
1120 ,215000 
4080 ,1050000 
1560 ,604000 
2510 ,800000 
3210 ,565000 
1460 ,1010000 
2100 ,500000 
2420 ,298000 
1900 ,485000 
1010 ,347000 
1500 ,485000 
1850 ,565000 
2790 ,750000 
2300 ,453500 
2510 ,811000 
1760 ,281000 
1040 ,310000 
1860 ,280000 
1940 ,287000 
670 ,183000 
1200 ,204000 
1210 ,452000 
1820 ,350000 
2280 ,1330000 
1380 ,350000 
910 ,455000 
1800 ,305000 
1670 ,348000 
3360 ,950000 
1700 ,250000 
2280 ,626100 
1930 ,400000 
2980 ,675000 
2800 ,426000 
1710 ,368000 
1890 ,525000 
1450 ,482500 
2750 ,812500 
2580 ,1100000 
1250 ,485000 
2200 ,259875 
2810 ,479950 
2500 ,806000 
1780 ,625000 
1720 ,770000 
1740 ,340000 
1180 ,397990 
1240 ,226800 
3390 ,350000 
1400 ,395000 
2530 ,354950 
2130 ,565000 
1920 ,260000 
2510 ,581000 
1651 ,363000 
1670 ,204700 
2320 ,384000 
2670 ,675000 
2540 ,380000 
3450 ,685000 
1810 ,799000 
2290 ,660000 
3280 ,862500 
2660 ,310000 
4300 ,1400000 
2580 ,305000 
1480 ,500000 
2560 ,825000 
3200 ,580000 
2170 ,315000 
1400 ,235000 
3080 ,569999 
2660 ,1230000 
1140 ,400000 
1110 ,293000 
1500 ,240000 
2530 ,975000 
2150 ,279950 
960 ,225000 
1280 ,670000 
1890 ,465500 
1570 ,350000 
3310 ,1100000 
3240 ,750000 
2530 ,875000 
1040 ,230000 
1620 ,700000 
1940 ,650000 
2210 ,240000 
2080 ,1190000 
5584 ,1680000 
9890 ,6890000 
770 ,275000 
2740 ,657000 
3080 ,585000 
990 ,220500 
2460 ,600000 
1860 ,510000 
1980 ,432500 
2090 ,327500 
1750 ,510000 
4200 ,1080000 
1480 ,439000 
2740 ,779000 
970 ,209950 
2240 ,440000 
2810 ,571500 
2900 ,720000 
1010 ,230000 
1430 ,245500 
2230 ,340000 
2540 ,317500 
2507 ,551870 
3390 ,780000 
1470 ,490000 
990 ,325000 
1720 ,950000 
1610 ,215000 
1270 ,259000 
1420 ,349950 
1620 ,430000 
2750 ,1050000 
1240 ,415500 
2170 ,913000 
1800 ,334998 
1160 ,201500 
890 ,371000 
2150 ,229950 
1200 ,380000 
2310 ,440000 
2650 ,1010000 
1950 ,565000 
1010 ,400000 
1630 ,246000 
1590 ,225000 
1450 ,355000 
1260 ,300000 
4020 ,900000 
3130 ,762500 
1220 ,258000 
1930 ,250600 
2250 ,350000 
2430 ,490000 
1770 ,215000 
1890 ,423500 
1630 ,165000 
1680 ,525000 
2000 ,402000 
1680 ,308000 
3790 ,875000 
890 ,230000 
1570 ,525000 
1480 ,280000 
710 ,264000 
880 ,615000 
1630 ,464000 
2800 ,490000 
4190 ,1160000 
2145 ,734000 
2230 ,435000 
1550 ,453000 
2110 ,516200 
1000 ,249000 
1100 ,277000 
2530 ,785950 
1300 ,700000 
780 ,130000 
1500 ,273000 
3810 ,760000 
1160 ,350000 
1940 ,322000 
3140 ,765000 
960 ,290000 
2680 ,608095 
1820 ,265000 
1050 ,430000 
2980 ,575000 
2360 ,392000 
2810 ,1570000 
2040 ,261000 
2350 ,643403 
2170 ,460500 
2590 ,479000 
3110 ,751000 
1250 ,370037 
1740 ,349000 
2700 ,669000 
3440 ,550000 
1240 ,259000 
4610 ,1650000 
3890 ,1080000 
2060 ,306500 
1200 ,219000 
2860 ,289275 
1640 ,505000 
2300 ,567500 
3300 ,920000 
2130 ,850000 
2420 ,725000 
1170 ,216500 
1510 ,490000 
3900 ,650000 
1840 ,540000 
1850 ,230000 
1880 ,306000 
1650 ,670000 
2900 ,352000 
2130 ,732600 
1320 ,304000 
1610 ,269000 
2970 ,680000 
2880 ,1100000 
3110 ,960000 
1240 ,483000 
1570 ,371000 
1520 ,530000 
980 ,128000 
1270 ,386000 
1260 ,335000 
2680 ,599950 
1460 ,400000 
2460 ,240000 
2490 ,535000 
1140 ,275000 
3930 ,575000 
2370 ,540000 
2740 ,672800 
1160 ,380000 
3710 ,635000 
2490 ,749500 
4090 ,1150000 
2440 ,480000 
2540 ,374950 
1600 ,308950 
1220 ,237200 
5000 ,1250000 
2960 ,605000 
1500 ,215000 
2500 ,799000 
1610 ,280000 
1050 ,230000 
3060 ,835000 
2920 ,730000 
1800 ,632750 
2170 ,419000 
2020 ,465000 
2350 ,462500 
2200 ,457000 
1880 ,326000 
1610 ,238000 
1670 ,649950 
1370 ,252000 
1840 ,325000 
1120 ,365000 
1750 ,499000 
1440 ,435000 
2520 ,1100000 
2140 ,577500 
1550 ,650000 
1150 ,200000 
2090 ,350000 
2110 ,319000 
3100 ,700000 
1890 ,800000 
1800 ,493500 
1770 ,596500 
3000 ,759900 
1358 ,317000 
1060 ,310000 
3870 ,900000 
1990 ,445000 
3560 ,790000 
3870 ,600000 
2020 ,1400000 
2370 ,597000 
1190 ,445000 
1500 ,270000 
1750 ,716528 
1510 ,260000 
2690 ,690000 
2450 ,682000 
2010 ,605000 
1370 ,530000 
1390 ,657100 
1980 ,700000 
2490 ,950000 
1740 ,550000 
1560 ,254000 
1940 ,432500 
1300 ,440000 
1510 ,415000 
920 ,208000 
3010 ,728725 
1280 ,405000 
3090 ,540500 
2100 ,309900 
2110 ,260000 
1080 ,440000 
900 ,529500 
1800 ,335620 
2220 ,464000 
2650 ,350000 
1120 ,329000 
1480 ,398000 
930 ,550500 
1760 ,365000 
1280 ,520000 
1650 ,500000 
1580 ,247800 
2500 ,661500 
2900 ,785000 
840 ,355000 
1390 ,745000 
980 ,550000 
2080 ,600000 
2000 ,536500 
1650 ,355000 
1410 ,590000 
1650 ,443000 
2030 ,730000 
5730 ,1230000 
1810 ,575000 
1590 ,285000 
4230 ,847700 
1620 ,525000 
1020 ,242500 
3020 ,630000 
2280 ,750000 
2790 ,695000 
850 ,447000 
2180 ,570000 
2120 ,690000 
2210 ,375000 
2510 ,400000 
4260 ,3400000 
1820 ,655000 
1940 ,577000 
2520 ,415000 
2390 ,519500 
1950 ,262500 
3090 ,938000 
1720 ,348000 
2370 ,535950 
1340 ,420000 
5370 ,1570000 
1530 ,570000 
3290 ,947500 
2670 ,370000 
2140 ,640000 
1630 ,280000 
2020 ,345000 
790 ,198000 
2560 ,650000 
940 ,325000 
910 ,422500 
3290 ,715000 
2010 ,472217 
2060 ,244615 
3300 ,510000 
2000 ,367000 
2400 ,489950 
1920 ,652000 
3290 ,799000 
2710 ,925000 
2200 ,396800 
1240 ,645000 
1410 ,295832 
1090 ,350000 
1410 ,541000 
1640 ,443000 
2550 ,340000 
2382 ,345000 
1900 ,335000 
2840 ,375000 
2370 ,420000 
2610 ,575000 
1770 ,260000 
1560 ,500000 
1950 ,360000 
1810 ,585000 
1080 ,205000 
1050 ,194000 
1710 ,433000 
910 ,200000 
1510 ,400000 
3100 ,850000 
1068 ,207000 
2170 ,709000 
2750 ,725000 
1790 ,515000 
1710 ,450000 
2480 ,729000 
4720 ,875000 
1000 ,311300 
2400 ,325000 
3090 ,370000 
1870 ,458000 
3770 ,950000 
2610 ,1580000 
3720 ,899000 
2520 ,540000 
2150 ,392500 
2040 ,440000 
2250 ,390000 
1120 ,440000 
1550 ,430000 
1700 ,245000 
2000 ,427000 
2340 ,650500 
1120 ,335900 
2420 ,332000 
2210 ,305000 
2550 ,525888 
2750 ,357000 
1690 ,475000 
2480 ,1010000 
810 ,170000 
6085 ,1610000 
2140 ,675000 
1800 ,875000 
1920 ,571000 
2340 ,525000 
1160 ,137900 
1680 ,440000 
4250 ,465000 
940 ,283000 
2020 ,868000 
1920 ,455000 
4400 ,1050000 
1650 ,730000 
2660 ,425000 
2740 ,699000 
2630 ,320000 
1960 ,450000 
2080 ,315000 
1140 ,330000 
2140 ,998500 
2350 ,449000 
2790 ,751000 
3020 ,354000 
970 ,325000 
2250 ,998800 
3340 ,870000 
1060 ,420000 
1490 ,368888 
1930 ,339500 
2040 ,272000 
3150 ,450000 
2180 ,545000 
800 ,388000 
1130 ,536000 
2300 ,592000 
2470 ,485000 
2210 ,500000 
1160 ,215000 
1200 ,234000 
1560 ,380000 
2520 ,770000 
1720 ,620000 
2680 ,463000 
2280 ,525000 
1800 ,272000 
1600 ,280000 
3270 ,750000 
1390 ,341000 
2710 ,591000 
1420 ,260000 
1330 ,344950 
1400 ,470000 
3160 ,1380000 
1090 ,240000 
2230 ,1450000 
1020 ,393000 
4380 ,1400000 
2290 ,753000 
2620 ,725000 
2000 ,358500 
1560 ,295000 
2050 ,403900 
910 ,221000 
2620 ,300000 
1500 ,270000 
1370 ,246900 
1390 ,635000 
1360 ,150000 
2260 ,514000 
4070 ,710000 
4400 ,1800000 
1300 ,236000 
1540 ,539000 
2010 ,740000 
1560 ,273000 
890 ,285000 
2430 ,825000 
1550 ,313000 
1210 ,305000 
1560 ,544300 
1570 ,535000 
1790 ,246950 
2590 ,533000 
2577 ,495000 
2570 ,1170000 
2130 ,233000 
2150 ,317500 
1560 ,500000 
1220 ,253500 
2430 ,590000 
1240 ,277700 
2120 ,470000 
1480 ,216650 
3920 ,827500 
2880 ,1130000 
2210 ,660000 
1750 ,199000 
3530 ,1660000 
1980 ,545800 
1820 ,429900 
590 ,156000 
2570 ,254500 
2050 ,760000 
1610 ,210000 
1080 ,192500 
2060 ,264500 
2080 ,357500 
2120 ,490000 
2920 ,810000 
3020 ,530000 
1240 ,240000 
1230 ,479000 
5000 ,1450000 
1840 ,286500 
550 ,188000 
3350 ,1110000 
2510 ,820000 
2120 ,625000 
2090 ,550000 
1975 ,311000 
1900 ,305000 
1770 ,450000 
1540 ,565000 
2960 ,1250000 
1880 ,412000 
1150 ,717000 
1640 ,299999 
1440 ,420000 
1150 ,350000 
1430 ,198000 
1370 ,190000 
1040 ,272000 
2610 ,665000 
1990 ,510000 
2640 ,790000 
1910 ,650000 
1530 ,675000 
2800 ,752875 
880 ,255000 
1920 ,210000 
1660 ,412000 
1270 ,410000 
3550 ,720000 
780 ,315000 
1390 ,191950 
1260 ,523000 
1560 ,265000 
1980 ,306000 
4570 ,1580000 
1365 ,530000 
610 ,126000 
1070 ,500000 
1440 ,250000 
3180 ,1240000 
2190 ,419000 
2420 ,771000 
1370 ,168000 
1370 ,238000 
1090 ,289950 
1200 ,170000 
3440 ,905000 
2550 ,512000 
2880 ,362000 
790 ,315000 
2240 ,319950 
750 ,370000 
1220 ,249900 
2100 ,635000 
1180 ,355000 
3140 ,585000 
2320 ,320000 
2050 ,770000 
2270 ,500000 
2440 ,700000 
1110 ,410500 
960 ,290000 
1980 ,615000 
4070 ,1400000 
1640 ,465000 
1180 ,215000 
710 ,402000 
1970 ,432000 
1788 ,294400 
1880 ,541900 
2270 ,435000 
3420 ,655000 
3630 ,400000 
3580 ,879900 
4050 ,1290000 
1350 ,571000 
2510 ,600000 
2870 ,872750 
1670 ,239950 
2100 ,550000 
2500 ,395000 
2310 ,319950 
3260 ,681500 
1660 ,566000 
3470 ,920000 
1510 ,247000 
1870 ,680000 
1320 ,540000 
1340 ,385000 
2970 ,1260000 
1400 ,257000 
2140 ,420000 
2700 ,1060000 
1760 ,688500 
890 ,314963 
2120 ,531000 
1670 ,697000 
3650 ,1200000 
1970 ,535000 
1320 ,404500 
3270 ,725000 
2220 ,410000 
2470 ,597000 
2530 ,355000 
1540 ,257000 
3220 ,630000 
2990 ,1110000 
2400 ,590000 
1300 ,427000 
1220 ,222000 
2370 ,479000 
1940 ,306888 
1650 ,219950 
1940 ,299000 
1220 ,231000 
1930 ,700000 
1900 ,552775 
2930 ,718000 
2090 ,289000 
2680 ,676000 
2420 ,429000 
3860 ,2140000 
2760 ,480000 
3450 ,1670000 
3030 ,685000 
2100 ,335000 
3366 ,1300000 
1680 ,540000 
1150 ,227000 
880 ,210000 
3840 ,1460000 
1590 ,324500 
2700 ,525000 
880 ,128750 
2280 ,570000 
1190 ,350000 
1790 ,402200 
1520 ,650000 
1450 ,471000 
1210 ,156601 
1660 ,368000 
1650 ,550000 
1090 ,345000 
3850 ,995000 
2070 ,741000 
1700 ,349950 
1350 ,429000 
1500 ,352500 
1980 ,215000 
4500 ,870000 
1140 ,518000 
3980 ,925900 
1830 ,325000 
2550 ,895000 
2550 ,1190000 
1010 ,390000 
3350 ,1000000 
3450 ,850000 
1060 ,275000 
1670 ,450000 
2251 ,305000 
1770 ,643002 
1710 ,488500 
5280 ,1550000 
2500 ,336500 
2700 ,357000 
2370 ,800000 
880 ,248500 
1180 ,207000 
980 ,204000 
810 ,253500 
2070 ,235000 
2910 ,870000 
2340 ,570000 
2290 ,661254 
2300 ,680000 
1400 ,214950 
1480 ,899000 
2030 ,485000 
3260 ,755000 
2000 ,236000 
1750 ,225000 
3990 ,1070000 
3020 ,1900000 
2620 ,815000 
2150 ,399950 
2530 ,525000 
1890 ,314950 
990 ,222500 
1720 ,498000 
2080 ,800000 
3560 ,770000 
1690 ,230500 
1930 ,733000 
2640 ,377500 
2170 ,399000 
1580 ,485000 
2040 ,355000 
2690 ,333000 
1170 ,530000 
1400 ,242025 
2710 ,442500 
1160 ,312000 
2030 ,618080 
2020 ,370000 
2480 ,583800 
4430 ,1960000 
1970 ,410000 
2280 ,835000 
1530 ,469775 
1510 ,350000 
2010 ,495500 
1820 ,227490 
3110 ,730000 
4450 ,1300000 
3360 ,740000 
770 ,385000 
1310 ,405000 
1430 ,518000 
3050 ,585000 
1600 ,329000 
1970 ,379950 
1890 ,355000 
4440 ,1300000 
1820 ,705000 
870 ,312500 
2290 ,209950 
1440 ,500000 
910 ,425000 
2160 ,345500 
1100 ,130000 
1230 ,575000 
1800 ,335000 
2180 ,210000 
540 ,425000 
1830 ,544950 
1700 ,410000 
2410 ,610000 
700 ,199950 
1160 ,361550 
1550 ,537000 
1380 ,329900 
3920 ,760000 
3150 ,727000 
1190 ,229000 
1990 ,542000 
2030 ,305000 
3830 ,860000 
1440 ,249000 
2380 ,529000 
2360 ,435000 
3680 ,595000 
1600 ,280000 
6980 ,3100000 
2320 ,310000 
1440 ,472500 
1020 ,235000 
1060 ,315000 
2660 ,590000 
1300 ,305240 
2340 ,360000 
2070 ,372000 
1300 ,244500 
1990 ,246000 
2580 ,383000 
1350 ,388500 
2070 ,250000 
1500 ,614950 
1000 ,231500 
1730 ,490000 
1790 ,725000 
1620 ,460000 
2000 ,360000 
2430 ,402000 
760 ,300000 
1880 ,455000 
3990 ,649000 
2020 ,496600 
1610 ,338950 
3420 ,2250000 
2340 ,677500 
1270 ,599380 
2290 ,365000 
2800 ,915000 
2640 ,650000 
1660 ,315000 
3220 ,1260000 
4590 ,1140000 
2950 ,619000 
1780 ,535000 
1980 ,319950 
3960 ,1180000 
1790 ,346000 
3010 ,980000 
1250 ,468000 
2010 ,430000 
950 ,520000 
960 ,255000 
2560 ,790000 
1650 ,379880 
1790 ,425000 
1490 ,335000 
970 ,600000 
1700 ,161000 
1720 ,420000 
1080 ,325000 
2150 ,470000 
2050 ,245000 
1010 ,525000 
1900 ,658500 
3390 ,835000 
1000 ,488000 
3040 ,825000 
2920 ,713500 
2420 ,370000 
1550 ,685000 
2680 ,575000 
2130 ,311100 
2030 ,500000 
1380 ,553000 
4190 ,2550000 
1850 ,260000 
1920 ,781000 
1680 ,350000 
2080 ,830000 
1380 ,322000 
3000 ,1690000 
1350 ,337500 
1840 ,265000 
1420 ,335000 
2040 ,417000 
2380 ,570000 
2810 ,685000 
2200 ,280000 
890 ,305000 
1640 ,440000 
1890 ,510000 
1690 ,257500 
1070 ,315000 
2590 ,690000 
2100 ,530000 
2770 ,749950 
760 ,375000 
1540 ,450000 
2820 ,810000 
2160 ,530000 
990 ,246000 
1910 ,260000 
2610 ,608000 
1140 ,455000 
1020 ,230000 
2730 ,770000 
2660 ,765000 
1320 ,275000 
2440 ,720000 
3630 ,716500 
2120 ,720000 
770 ,265000 
1450 ,465000 
1320 ,342000 
3070 ,804100 
2290 ,565000 
2290 ,630000 
2890 ,1170000 
1430 ,485000 
1680 ,381000 
2280 ,849900 
1310 ,470000 
3480 ,852500 
1940 ,505000 
1690 ,207000 
2340 ,780000 
1700 ,400000 
2900 ,850000 
2170 ,551000 
2240 ,220000 
1530 ,439000 
1760 ,500000 
1250 ,200000 
1940 ,420000 
4320 ,1780000 
1500 ,265000 
3600 ,682000 
1440 ,390000 
1940 ,635000 
1650 ,370000 
3820 ,1240000 
1900 ,230000 
3420 ,965000 
3010 ,925000 
1780 ,654500 
1670 ,585000 
1220 ,348580 
1400 ,310000 
2520 ,780000 
3060 ,1760000 
2770 ,492000 
3730 ,599950 
930 ,105500 
3140 ,1640000 
3100 ,975000 
2270 ,469900 
1630 ,327000 
2600 ,300000 
1820 ,825000 
1860 ,267500 
2570 ,360000 
1800 ,449950 
2300 ,612000 
3240 ,575000 
2390 ,330000 
2150 ,550000 
1410 ,265000 
2280 ,597000 
1300 ,249000 
980 ,307500 
1430 ,440000 
2000 ,756100 
3290 ,775000 
1530 ,220000 
2270 ,766000 
1180 ,338900 
3290 ,810000 
1970 ,599950 
1800 ,471001 
840 ,86500 
820 ,102500 
710 ,216000 
980 ,340000 
1100 ,505000 
5370 ,1350000 
2100 ,610000 
3870 ,585000 
2910 ,1810000 
3100 ,302500 
2820 ,350000 
2620 ,535000 
1480 ,479000 
2320 ,447500 
2940 ,435000 
1330 ,245000 
2580 ,355000 
2880 ,1800000 
2110 ,1150000 
2790 ,375000 
2190 ,365000 
2280 ,530000 
2570 ,495000 
3000 ,607500 
2080 ,550000 
2120 ,428000 
2200 ,480000 
1730 ,335000 
2950 ,810000 
880 ,415000 
1530 ,460000 
2320 ,315000 
2950 ,386500 
2390 ,269950 
1820 ,790000 
3880 ,762300 
2320 ,518000 
4730 ,3400000 
2070 ,575000 
1280 ,279900 
1270 ,340000 
1570 ,214950 
1190 ,425000 
7620 ,1680000 
2490 ,360000 
1650 ,550000 
1790 ,455000 
770 ,257000 
2700 ,744500 
1470 ,169000 
1730 ,292000 
1200 ,389000 
680 ,510000 
2620 ,550120 
700 ,152000 
910 ,275000 
2100 ,521900 
920 ,229950 
1410 ,274950 
2430 ,412950 
1010 ,385000 
2050 ,300000 
1560 ,460000 
1450 ,375000 
1410 ,225000 
1390 ,290000 
1850 ,475000 
1660 ,619000 
1640 ,275000 
950 ,230000 
1980 ,299000 
1220 ,199000 
2190 ,289950 
1950 ,525126 
2000 ,441000 
2000 ,474500 
1480 ,290000 
2800 ,850000 
1820 ,815000 
5840 ,2200000 
1830 ,429950 
1080 ,140000 
3990 ,740000 
2090 ,489900 
1360 ,235000 
1330 ,347000 
1010 ,229000 
2460 ,960000 
2190 ,769950 
1420 ,385000 
840 ,105000 
1810 ,355000 
1310 ,223000 
1550 ,645000 
2610 ,337000 
1280 ,167000 
2450 ,537100 
1780 ,800500 
1100 ,168500 
1190 ,319500 
2920 ,795000 
3510 ,1010000 
1320 ,475000 
2170 ,420000 
850 ,490000 
720 ,335000 
1230 ,425000 
2190 ,700000 
4130 ,998000 
2810 ,999000 
2160 ,530000 
2170 ,489000 
2160 ,305000 
1530 ,700180 
2170 ,606500 
2010 ,500000 
1430 ,667750 
1120 ,438000 
960 ,212625 
1010 ,248000 
2150 ,607000 
420 ,280000 
1630 ,320000 
2850 ,750000 
1090 ,425000 
1280 ,272925 
1190 ,440000 
1590 ,255000 
1150 ,171500 
3410 ,675000 
1890 ,320000 
2390 ,359800 
1410 ,239900 
2150 ,380000 
1960 ,234500 
2300 ,294000 
3140 ,400000 
2560 ,640000 
1410 ,415000 
2540 ,717000 
1120 ,425000 
2880 ,1990000 
2460 ,930000 
1020 ,350000 
3290 ,520000 
2993 ,540000 
3800 ,380000 
850 ,320000 
1560 ,400000 
3570 ,895000 
800 ,195000 
1010 ,165000 
2400 ,335750 
2110 ,796000 
1410 ,410000 
1040 ,314950 
2890 ,706000 
1450 ,557000 
1760 ,194000 
1630 ,574800 
2240 ,309000 
2430 ,770000 
1940 ,525000 
2370 ,310000 
1860 ,350000 
2110 ,610000 
1990 ,564800 
1820 ,438000 
1190 ,229000 
2100 ,283000 
2020 ,640000 
3270 ,560000 
1710 ,620000 
1740 ,525000 
1190 ,390000 
2150 ,369900 
4320 ,1040000 
1470 ,352500 
3560 ,1160000 
1580 ,289000 
4420 ,730000 
670 ,240000 
2480 ,620000 
1580 ,524500 
1830 ,236000 
840 ,308500 
2050 ,299000 
1300 ,270000 
2510 ,588000 
2390 ,420000 
2480 ,716000 
3060 ,605000 
2910 ,312200 
1560 ,537000 
3150 ,530000 
2940 ,780000 
1000 ,420000 
1490 ,550000 
600 ,110000 
2320 ,700000 
5470 ,1610000 
2890 ,655000 
1790 ,472500 
2830 ,713414 
980 ,435000 
2850 ,907500 
1760 ,554000 
3410 ,2600000 
1250 ,452000 
2370 ,300523 
1380 ,215500 
2320 ,552500 
1210 ,160000 
1890 ,523460 
2520 ,865000 
1810 ,327000 
1140 ,540000 
2040 ,240000 
3340 ,910000 
3800 ,630000 
2320 ,416100 
2360 ,285000 
2450 ,530000 
3050 ,1030000 
2180 ,625000 
2960 ,740000 
1330 ,234999 
1940 ,380000 
1700 ,500000 
1010 ,337000 
990 ,335000 
3760 ,1380000 
850 ,295000 
3190 ,795000 
2160 ,220000 
3500 ,799000 
2190 ,367300 
1890 ,805000 
1860 ,217000 
4230 ,935000 
2230 ,368750 
2250 ,589000 
1730 ,152500 
1890 ,240000 
1220 ,555950 
710 ,289000 
2970 ,745000 
2740 ,535000 
2740 ,1110000 
2330 ,325000 
2130 ,310000 
1900 ,340000 
2020 ,633000 
1290 ,310000 
1710 ,470000 
1480 ,200000 
780 ,200000 
1580 ,267000 
1660 ,484000 
2240 ,905000 
1850 ,475000 
5770 ,1540000 
2100 ,1080000 
1320 ,159000 
2520 ,1050000 
1180 ,209950 
3210 ,399950 
2014 ,321000 
1440 ,245000 
1880 ,423000 
990 ,442000 
1720 ,475000 
3400 ,715000 
1120 ,320000 
1660 ,449000 
3200 ,725126 
1840 ,390000 
1080 ,147400 
3240 ,975000 
1250 ,225000 
1870 ,619100 
1670 ,612125 
2588 ,335000 
1690 ,500000 
3790 ,2200000 
2590 ,540000 
1390 ,431000 
2800 ,550000 
1790 ,615000 
2220 ,542000 
2610 ,1300000 
670 ,390000 
2110 ,603000 
1490 ,467500 
4110 ,1030000 
2320 ,370000 
4190 ,1150000 
1940 ,265000 
2910 ,1400000 
2670 ,465000 
2250 ,468000 
3570 ,910000 
2680 ,360000 
1320 ,229000 
2060 ,457000 
2830 ,518000 
2450 ,696950 
880 ,550000 
2510 ,479900 
2530 ,1120000 
1130 ,340000 
1420 ,340000 
2210 ,635250 
1770 ,400000 
1940 ,1330000 
1440 ,330490 
720 ,210000 
1720 ,493000 
1070 ,147000 
1620 ,345000 
1520 ,470000 
2730 ,599000 
4150 ,550000 
3270 ,1310000 
3730 ,649500 
3280 ,734500 
2600 ,425000 
2290 ,572500 
1570 ,330000 
1430 ,375000 
370 ,276000 
3130 ,500000 
1830 ,524950 
2950 ,424900 
3140 ,990000 
2350 ,650000 
1660 ,279000 
1730 ,479000 
1720 ,404000 
1820 ,300000 
2170 ,195000 
2280 ,539500 
2680 ,590000 
980 ,575000 
820 ,365000 
1410 ,335000 
2270 ,619850 
2310 ,422000 
2000 ,560000 
1240 ,352900 
2390 ,349950 
1240 ,405000 
2050 ,260000 
3080 ,365000 
2670 ,415000 
2310 ,727160 
3160 ,1190000 
2140 ,210000 
1330 ,295000 
960 ,237000 
3010 ,745000 
1990 ,309950 
1770 ,320900 
2495 ,436000 
2720 ,790000 
1380 ,275000 
1870 ,275000 
1350 ,190000 
2120 ,370000 
1040 ,227000 
2840 ,640000 
3280 ,605000 
2070 ,329950 
960 ,180000 
2430 ,723000 
1430 ,375000 
1690 ,705000 
1620 ,599995 
3030 ,799950 
2050 ,210000 
2520 ,420000 
1200 ,375000 
3070 ,1720000 
2150 ,355000 
4070 ,889000 
4660 ,1640000 
1300 ,205000 
850 ,150000 
3090 ,751000 
2350 ,725000 
1560 ,640000 
2400 ,300000 
1920 ,260000 
1220 ,280500 
1870 ,485000 
3700 ,540000 
1900 ,407500 
1820 ,750000 
3100 ,894400 
1200 ,546000 
2390 ,699950 
1740 ,517000 
1340 ,400000 
2550 ,277500 
1630 ,426000 
1870 ,310000 
1870 ,449000 
1430 ,133000 
1710 ,380000 
1040 ,172500 
1020 ,280000 
2580 ,499950 
1530 ,474000 
1590 ,411000 
1970 ,465000 
5930 ,1520000 
1720 ,583500 
3230 ,409000 
1400 ,510250 
930 ,395000 
1630 ,464000 
710 ,257500 
2310 ,362000 
1620 ,640000 
1140 ,172500 
1650 ,282500 
910 ,330000 
1740 ,827235 
1540 ,370000 
1010 ,310000 
2190 ,245000 
700 ,254950 
1700 ,315000 
3290 ,728000 
2460 ,427500 
1070 ,325000 
1970 ,690000 
2010 ,410000 
710 ,239000 
1680 ,550285 
2180 ,910000 
2120 ,765000 
2810 ,745000 
1320 ,500000 
1950 ,392500 
2780 ,478000 
1110 ,345000 
2240 ,608000 
1530 ,154000 
3330 ,1190000 
2220 ,652600 
1150 ,129000 
2720 ,436000 
3380 ,1350000 
1740 ,395000 
3970 ,775000 
1540 ,392500 
2290 ,580000 
1360 ,396500 
1110 ,532000 
1560 ,579000 
2280 ,571000 
1300 ,374990 
1900 ,541500 
1552 ,264000 
1130 ,315450 
2140 ,330000 
1760 ,437500 
3010 ,568500 
750 ,250000 
3710 ,1250000 
860 ,370000 
2760 ,500000 
2960 ,385000 
1960 ,449000 
1670 ,180000 
1720 ,427000 
1600 ,393500 
3600 ,1930000 
1220 ,370000 
1730 ,465000 
1830 ,323000 
1600 ,270000 
1860 ,445000 
2980 ,610000 
1890 ,570000 
1200 ,245000 
1670 ,456000 
900 ,496000 
1850 ,623000 
3130 ,598000 
2840 ,425000 
2650 ,580000 
1700 ,475000 
2910 ,585083 
1540 ,439950 
2100 ,485000 
2750 ,865000 
2570 ,287500 
1770 ,315000 
2110 ,590000 
1130 ,261500 
1960 ,300000 
1340 ,215000 
2540 ,800000 
2770 ,650000 
2280 ,712500 
1650 ,255000 
1400 ,380000 
2290 ,1060000 
2810 ,454450 
1190 ,276693 
1920 ,270000 
1370 ,264950 
2720 ,632500 
2070 ,289950 
1330 ,295500 
2310 ,495000 
3830 ,887000 
2160 ,753000 
1160 ,315000 
2730 ,1030000 
2630 ,625000 
1740 ,257000 
950 ,475000 
2010 ,575000 
830 ,275000 
1120 ,399000 
1410 ,139000 
2150 ,1200000 
1680 ,629950 
3020 ,575000 
2390 ,926250 
1450 ,300000 
1070 ,361500 
2130 ,445000 
2830 ,779000 
1060 ,352750 
3610 ,830005 
3420 ,548000 
1840 ,411715 
2000 ,677000 
1570 ,800000 
1200 ,227000 
1480 ,600000 
840 ,202000 
2840 ,779950 
2380 ,735000 
1700 ,619500 
2030 ,627000 
2090 ,469500 
3270 ,735000 
1720 ,450000 
1220 ,253000 
1340 ,265000 
1030 ,225000 
2240 ,337000 
3310 ,885000 
880 ,376000 
4700 ,1400000 
1780 ,250000 
2980 ,725000 
2780 ,505000 
560 ,90000 
1880 ,1000000 
2400 ,338000 
3130 ,320000 
910 ,223000 
2730 ,310000 
3230 ,1260000 
1180 ,249000 
3600 ,1350000 
2060 ,885000 
2200 ,376000 
3240 ,635700 
910 ,225000 
1460 ,250000 
2720 ,685000 
2280 ,420000 
3640 ,1200000 
2730 ,632000 
1060 ,335000 
1800 ,237000 
3340 ,808000 
3010 ,775000 
2110 ,300000 
2510 ,448000 
1800 ,399000 
1030 ,305000 
1550 ,433000 
2400 ,420000 
3690 ,900000 
1920 ,429000 
2610 ,1050000 
2430 ,580000 
880 ,210000 
1850 ,763000 
1360 ,255000 
2000 ,423500 
2710 ,455000 
910 ,85000 
1040 ,184900 
1530 ,387000 
750 ,422000 
3890 ,1190000 
1600 ,365000 
1210 ,244500 
3250 ,800000 
960 ,208000 
2310 ,890000 
2190 ,450000 
3680 ,770000 
3190 ,589950 
1140 ,425000 
1830 ,400000 
2500 ,372000 
1470 ,459500 
2380 ,582000 
2120 ,386000 
1120 ,554000 
1010 ,225000 
2350 ,561600 
1970 ,352500 
1250 ,505000 
2230 ,482000 
1270 ,379950 
1160 ,330000 
3100 ,795000 
2920 ,760000 
1300 ,260000 
1440 ,337000 
4740 ,1200000 
2160 ,277000 
2280 ,649800 
1280 ,425000 
2690 ,469000 
2920 ,1020000 
2070 ,320000 
950 ,162950 
1480 ,560000 
3240 ,609000 
4280 ,734950 
2940 ,1390000 
1190 ,240000 
1140 ,262500 
1860 ,427000 
1920 ,542500 
3440 ,1230000 
650 ,129000 
1810 ,626000 
1020 ,489000 
1770 ,325000 
1350 ,401000 
1820 ,539950 
1450 ,339000 
1890 ,420000 
3320 ,667000 
1820 ,430000 
4240 ,2190000 
2650 ,370000 
1710 ,482000 
2180 ,488000 
1500 ,170000 
1050 ,400000 
1550 ,537000 
1840 ,190000 
1590 ,670500 
2120 ,379400 
1680 ,637500 
1680 ,272000 
1120 ,225000 
1210 ,219950 
1270 ,406000 
2090 ,415000 
2070 ,503000 
1910 ,250000 
2100 ,640000 
1680 ,625000 
870 ,435000 
2040 ,540000 
2375 ,712000 
1964 ,342000 
1670 ,500000 
3230 ,1780000 
1280 ,465000 
700 ,209995 
2280 ,560000 
750 ,135000 
3560 ,435000 
2150 ,400000 
3220 ,640000 
1680 ,286000 
4070 ,993500 
1350 ,450000 
4270 ,997950 
1180 ,425000 
4050 ,1380000 
2650 ,549950 
2820 ,705000 
1690 ,197000 
1790 ,297000 
4440 ,1970000 
1370 ,219000 
1820 ,680000 
2780 ,690000 
4070 ,1450000 
2180 ,254950 
1890 ,506500 
1670 ,274950 
2100 ,399000 
2540 ,775000 
1970 ,600000 
2250 ,440000 
800 ,285000 
1270 ,390000 
1490 ,265950 
2120 ,578550 
1810 ,489000 
1420 ,485000 
1660 ,209950 
2550 ,543500 
2420 ,376000 
1900 ,476800 
2710 ,1200000 
2650 ,715000 
1890 ,475000 
3500 ,788600 
1040 ,160000 
2190 ,520000 
1650 ,438000 
1970 ,425500 
2820 ,853505 
2060 ,418500 
1890 ,826000 
1470 ,180000 
3340 ,670000 
2560 ,842500 
1600 ,492500 
2160 ,335000 
480 ,145000 
1650 ,225000 
4960 ,1430000 
940 ,347000 
1600 ,390000 
1800 ,425000 
1910 ,630100 
1570 ,281700 
1390 ,345000 
1220 ,231000 
1260 ,353500 
2280 ,577500 
2430 ,560000 
770 ,407500 
1860 ,715000 
2750 ,795000 
1490 ,565000 
1090 ,219500 
1540 ,485000 
1130 ,293000 
760 ,361600 
1830 ,468000 
2850 ,710000 
790 ,115000 
1270 ,386100 
1020 ,160000 
2050 ,500000 
2360 ,490000 
3030 ,768000 
1780 ,336900 
3200 ,337000 
1630 ,265000 
3030 ,879000 
3480 ,970000 
1130 ,325000 
3220 ,763000 
1820 ,415000 
800 ,350000 
1080 ,115000 
1080 ,124000 
3600 ,970000 
2050 ,451000 
2240 ,635000 
1370 ,605004 
690 ,260000 
1990 ,776000 
1870 ,230000 
3040 ,598555 
2360 ,370000 
700 ,340000 
1840 ,465000 
930 ,500000 
1960 ,500000 
830 ,345000 
3920 ,825000 
3560 ,1360000 
2000 ,225000 
2140 ,616750 
830 ,327500 
3630 ,633000 
2490 ,590000 
2360 ,1330000 
1340 ,475000 
1710 ,565000 
830 ,325000 
2790 ,665000 
1780 ,272450 
1460 ,427000 
3000 ,398950 
1540 ,160000 
1800 ,380000 
2860 ,530000 
1490 ,520000 
1400 ,421000 
1710 ,895000 
1580 ,424000 
1580 ,749000 
1520 ,508450 
1140 ,455000 
1320 ,206000 
2740 ,850000 
2700 ,480000 
1590 ,339275 
1360 ,425000 
2440 ,805000 
2920 ,555000 
2170 ,638150 
900 ,249500 
1760 ,620047 
1820 ,515000 
1980 ,295000 
910 ,405000 
2420 ,752888 
2370 ,335000 
930 ,306000 
1760 ,680000 
4030 ,985000 
1900 ,715000 
2790 ,950000 
2270 ,292000 
1680 ,227000 
3380 ,1190000 
1510 ,420000 
2550 ,550000 
700 ,282150 
2340 ,428000 
3470 ,1320000 
2030 ,906000 
1470 ,290000 
4180 ,550000 
1690 ,289000 
2150 ,411000 
2330 ,826000 
3330 ,850000 
1570 ,239900 
2840 ,450000 
2290 ,440000 
2090 ,311000 
1470 ,615000 
2270 ,575000 
860 ,399900 
1310 ,253000 
1610 ,715000 
2410 ,1320000 
1240 ,352000 
1860 ,477500 
1690 ,285000 
1900 ,255000 
1920 ,372500 
2300 ,400000 
2130 ,220000 
1880 ,435000 
1660 ,545000 
1680 ,427000 
2230 ,770000 
1040 ,217450 
2820 ,677000 
1190 ,290000 
2770 ,711000 
1910 ,240000 
2920 ,515500 
1320 ,243000 
1280 ,375000 
1300 ,462000 
2440 ,550000 
1580 ,475000 
1740 ,399000 
1940 ,627000 
2420 ,376000 
2550 ,315000 
2344 ,791000 
590 ,240000 
2600 ,510000 
2040 ,542500 
870 ,334850 
3670 ,605000 
1980 ,660000 
1970 ,315000 
2270 ,479000 
1190 ,587100 
1110 ,250000 
2710 ,740000 
1690 ,498000 
1470 ,339900 
2480 ,1390000 
1700 ,148900 
1830 ,230000 
3000 ,380000 
2000 ,318989 
1450 ,405000 
960 ,420000 
1860 ,250000 
1560 ,430000 
2880 ,579950 
2510 ,881000 
1080 ,218250 
1600 ,424305 
1200 ,130000 
2480 ,468000 
2240 ,480000 
2430 ,372000 
900 ,470000 
1500 ,255950 
1700 ,545000 
1980 ,418000 
1670 ,260000 
1870 ,554000 
950 ,515000 
1290 ,492000 
1500 ,230000 
5540 ,2630000 
1820 ,359000 
1070 ,265000 
1560 ,465000 
1000 ,217000 
1700 ,274000 
4670 ,1420000 
1010 ,400000 
2980 ,690000 
2240 ,635000 
1210 ,310000 
2550 ,353000 
4420 ,2700000 
1510 ,799000 
890 ,220000 
840 ,210000 
2000 ,330000 
700 ,295000 
1380 ,473000 
1790 ,544000 
1520 ,672600 
1470 ,613000 
2500 ,808000 
920 ,206000 
960 ,325000 
1630 ,475000 
2260 ,648360 
2400 ,705640 
1700 ,206000 
3320 ,1100000 
2641 ,393000 
1230 ,410000 
3290 ,930000 
1380 ,450000 
2070 ,405000 
1410 ,240000 
2260 ,435000 
1510 ,530000 
1180 ,250200 
1610 ,526000 
2770 ,283450 
2860 ,1320000 
2270 ,480000 
2010 ,299500 
1690 ,460000 
1520 ,405000 
1220 ,483000 
2790 ,568000 
2100 ,640000 
2450 ,559950 
2850 ,1330000 
2630 ,600000 
1200 ,222400 
1690 ,410000 
2700 ,385000 
1940 ,423000 
1870 ,325000 
3070 ,825000 
1720 ,525000 
1210 ,570000 
1480 ,770000 
2850 ,650000 
2060 ,415000 
1580 ,340000 
1020 ,180000 
1980 ,759000 
1730 ,325000 
2520 ,685000 
2120 ,489000 
1260 ,259000 
1830 ,740000 
4660 ,2150000 
1880 ,315000 
2420 ,740000 
2230 ,900000 
2100 ,330000 
2060 ,510000 
2380 ,361000 
1030 ,230005 
2410 ,520000 
1880 ,452000 
2400 ,569000 
1850 ,611000 
4040 ,760000 
1940 ,685000 
1350 ,250000 
1980 ,380000 
2720 ,709050 
1280 ,296500 
2160 ,475000 
3130 ,1390000 
2210 ,510000 
2690 ,1300000 
3140 ,925850 
2910 ,450000 
1910 ,1500000 
1010 ,350000 
1480 ,511200 
1050 ,165000 
1020 ,210000 
1820 ,325000 
1400 ,430000 
1540 ,325500 
1320 ,185000 
1470 ,554600 
1480 ,268000 
2210 ,620000 
1910 ,565000 
1760 ,410000 
1396 ,225000 
1140 ,374000 
2230 ,600000 
1560 ,291000 
980 ,90000 
1620 ,345000 
2720 ,910000 
1930 ,268000 
2250 ,559000 
2940 ,950000 
2480 ,450000 
1710 ,295000 
2960 ,1160000 
1740 ,577000 
2830 ,959000 
1240 ,471000 
2510 ,955000 
2300 ,579000 
3360 ,412000 
1350 ,237500 
1670 ,280000 
2250 ,370000 
1010 ,270000 
830 ,385000 
2090 ,400000 
1920 ,571500 
2190 ,375000 
1730 ,315000 
1150 ,346500 
650 ,295000 
2780 ,700000 
2410 ,720000 
1180 ,355000 
3280 ,925000 
1490 ,289999 
2660 ,495000 
1920 ,430000 
2650 ,425000 
800 ,191000 
3530 ,695000 
1380 ,560000 
3360 ,850000 
4720 ,745000 
1300 ,400000 
3190 ,359500 
2570 ,715000 
2150 ,235000 
860 ,353000 
2810 ,747500 
2680 ,1030000 
870 ,276000 
2880 ,885000 
1140 ,476000 
1540 ,252000 
2200 ,512500 
1400 ,348125 
2400 ,585000 
1680 ,450000 
1820 ,393000 
1890 ,430000 
2180 ,279000 
2220 ,374000 
1440 ,328000 
2760 ,1190000 
2190 ,464950 
1940 ,359000 
960 ,374500 
6490 ,2000000 
1860 ,338000 
3990 ,2720000 
3650 ,680000 
4260 ,1000000 
1920 ,391500 
1080 ,390000 
3320 ,1800000 
3290 ,685000 
3650 ,1520000 
3440 ,781500 
880 ,208500 
860 ,316000 
960 ,234000 
2710 ,624000 
1730 ,355000 
960 ,345000 
1870 ,330000 
2550 ,850000 
3080 ,2160000 
3000 ,887000 
1670 ,289000 
1860 ,400000 
1080 ,345000 
2540 ,628990 
2970 ,820000 
1800 ,365000 
1530 ,570000 
4140 ,1400000 
3320 ,805000 
1180 ,299000 
1790 ,199900 
1260 ,485000 
2100 ,211000 
1830 ,410000 
3400 ,688000 
3040 ,620000 
1980 ,725000 
1150 ,445000 
2350 ,495000 
1120 ,205000 
1020 ,152275 
2240 ,700000 
2750 ,333000 
1990 ,872500 
5080 ,1900000 
1350 ,450000 
1310 ,300000 
3000 ,780000 
2420 ,774888 
2732 ,480000 
1910 ,835000 
1580 ,305000 
2650 ,1390000 
4140 ,850000 
1313 ,885000 
2540 ,299000 
1120 ,380000 
2420 ,445000 
940 ,246500 
1850 ,819000 
1590 ,210000 
660 ,385000 
2320 ,530000 
1850 ,255000 
5430 ,1360000 
2060 ,541338 
900 ,375000 
1070 ,312500 
1480 ,663000 
2040 ,812000 
3850 ,1200000 
1150 ,450000 
3900 ,850000 
1480 ,580000 
1870 ,377000 
3490 ,1260000 
2340 ,429000 
1920 ,340000 
1740 ,280000 
1420 ,425000 
2320 ,340000 
2030 ,349500 
2710 ,715000 
4310 ,780000 
3010 ,839950 
2170 ,645000 
2580 ,673000 
3330 ,1380000 
3220 ,950968 
4168 ,442000 
2790 ,484259 
2280 ,450000 
830 ,301500 
2540 ,759990 
2390 ,629800 
1350 ,304500 
5610 ,1580000 
962 ,390000 
1430 ,399000 
1850 ,328000 
4660 ,2640000 
3931 ,450000 
1800 ,362500 
1160 ,230000 
1790 ,509900 
2370 ,387865 
3120 ,575000 
3340 ,962000 
2590 ,530000 
2420 ,449950 
2437 ,285000 
3070 ,535000 
2610 ,515000 
3150 ,330000 
3100 ,435000 
1530 ,649000 
1270 ,415000 
3550 ,952990 
2040 ,350000 
3560 ,907687 
3510 ,695000 
1760 ,615000 
2270 ,500000 
2880 ,1260000 
1950 ,430000 
2370 ,400000 
1480 ,315000 
3170 ,820000 
1233 ,360000 
1630 ,541000 
2740 ,530000 
2280 ,395000 
1780 ,443000 
1680 ,840000 
3290 ,801000 
2670 ,500000 
3330 ,1210000 
1610 ,249900 
2800 ,1470000 
1220 ,295000 
1260 ,445000 
1190 ,475000 
1640 ,759000 
1481 ,240000 
1730 ,566950 
3920 ,918000 
1190 ,555000 
2584 ,429900 
2610 ,754950 
3569 ,580000 
1940 ,555000 
2210 ,353000 
1230 ,325000 
1480 ,650000 
4670 ,1240000 
4220 ,1060000 
3460 ,971971 
1350 ,389000 
710 ,399950 
3050 ,740000 
1370 ,667000 
3540 ,920000 
1370 ,368000 
2990 ,594491 
3600 ,923990 
1280 ,552000 
1370 ,548000 
2990 ,785000 
3620 ,1580000 
1730 ,328423 
3160 ,660000 
5220 ,1480000 
1620 ,395000 
2280 ,535000 
2876 ,525000 
1780 ,660000 
2910 ,610000 
2910 ,645000 
4030 ,1310000 
3800 ,730000 
1190 ,300500 
1540 ,640000 
2230 ,347500 
2930 ,718000 
2290 ,450000 
1540 ,550000 
2730 ,565997 
2440 ,459000 
2820 ,461500 
3240 ,724500 
982 ,250000 
1380 ,457000 
2330 ,453000 
4000 ,771005 
1530 ,607500 
1300 ,270000 
3590 ,1300000 
3360 ,834995 
3130 ,649000 
1910 ,650000 
3310 ,803100 
2798 ,499950 
2420 ,380000 
2110 ,324950 
3960 ,919990 
2099 ,289950 
1310 ,525000 
3600 ,870515 
2340 ,716500 
1540 ,375000 
1160 ,340000 
4010 ,1390000 
3010 ,785000 
1658 ,263900 
3420 ,657044 
1430 ,439000 
3480 ,1800000 
3380 ,600000 
1530 ,500000 
4420 ,890000 
2670 ,480000 
2130 ,539000 
840 ,306500 
1500 ,529950 
3120 ,653000 
1630 ,609000 
1584 ,267000 
2840 ,557000 
3910 ,709950 
1730 ,625000 
4030 ,920000 
2060 ,339989 
4280 ,1140000 
1270 ,335000 
1580 ,379000 
1571 ,366750 
1420 ,294000 
6530 ,1600000 
1480 ,319000 
4640 ,1270000 
2540 ,489950 
3160 ,650000 
1210 ,500000 
2190 ,920000 
3980 ,760000 
3320 ,1700000 
2670 ,515000 
1640 ,772000 
3240 ,719950 
1320 ,499000 
3135 ,374500 
1480 ,584000 
1060 ,505000 
1930 ,550000 
4470 ,2950000 
1290 ,441000 
1413 ,286800 
1300 ,375000 
1300 ,515000 
1710 ,362500 
1630 ,475000 
1380 ,350000 
1490 ,700000 
1400 ,250000 
1160 ,289000 
1400 ,265000 
2700 ,749000 
2550 ,492000 
3260 ,552500 
1340 ,376000 
1000 ,220000 
3720 ,955000 
1360 ,359000 
3880 ,1060000 
1489 ,255900 
2550 ,799000 
3828 ,552900 
3056 ,524225 
3220 ,625000 
2180 ,496000 
1460 ,625000 
4140 ,810000 
1510 ,485000 
2630 ,619990 
2290 ,530000 
3110 ,600000 
1590 ,480000 
2610 ,440000 
1350 ,394950 
2110 ,380000 
2310 ,685000 
1930 ,330675 
1578 ,259950 
1460 ,497000 
1930 ,345500 
1445 ,355000 
1084 ,265000 
2510 ,395000 
2760 ,641000 
1200 ,240000 
2690 ,760000 
1820 ,469950 
2910 ,504058 
1460 ,699999 
1310 ,450000 
3180 ,1330000 
3300 ,1110000 
3930 ,1490000 
3570 ,1600000 
2420 ,369946 
1790 ,414000 
2828 ,367000 
1690 ,336900 
3206 ,375000 
4130 ,775000 
2750 ,627000 
1740 ,275000 
1540 ,565000 
1900 ,425000 
3070 ,850000 
1350 ,299999 
3780 ,1180000 
1320 ,499950 
1650 ,400000 
3550 ,880000 
1580 ,375000 
1280 ,549900 
2870 ,650000 
1580 ,705000 
1410 ,399900 
2009 ,303210 
3030 ,580000 
1280 ,350000 
1470 ,650000 
2430 ,485000 
1445 ,415000 
3420 ,757500 
1509 ,420000 
1010 ,286000 
2750 ,395000 
1890 ,535000 
2150 ,260000 
2420 ,365000 
2500 ,575000 
3906 ,549950 
3230 ,1080000 
2540 ,487000 
3040 ,431000 
3420 ,780000 
3440 ,598992 
1160 ,487000 
1280 ,545000 
4390 ,1880000 
1570 ,695000 
3870 ,1400000 
800 ,265050 
3000 ,770000 
1300 ,308000 
1880 ,530200 
1550 ,570000 
2510 ,450800 
1680 ,425000 
3090 ,615000 
1950 ,309000 
1108 ,369500 
2190 ,391000 
3010 ,879950 
2716 ,452000 
3410 ,800000 
1030 ,525000 
3640 ,630000 
1470 ,510000 
1770 ,671500 
2760 ,424950 
2350 ,459995 
1580 ,389950 
1750 ,415500 
3020 ,775000 
2200 ,950000 
1020 ,441750 
1110 ,229800 
1560 ,448000 
1660 ,716000 
2470 ,773000 
2660 ,549995 
2570 ,492500 
1160 ,453000 
3950 ,1700000 
1440 ,375000 
2840 ,685000 
390 ,245000 
1250 ,344000 
1180 ,435000 
1520 ,430000 
3050 ,563950 
2950 ,825750 
2280 ,345000 
2920 ,1070000 
1500 ,405000 
1400 ,419500 
1390 ,370000 
4350 ,2070000 
4460 ,490000 
1310 ,365000 
1240 ,403000 
3980 ,1770000 
2190 ,418500 
2026 ,358000 
2200 ,460000 
3510 ,695000 
3140 ,869950 
1560 ,598500 
1740 ,299950 
3660 ,1110000 
2708 ,436952 
1980 ,435000 
1340 ,349000 
1020 ,450000 
2330 ,337500 
3890 ,850000 
3220 ,579000 
3170 ,890776 
2700 ,810000 
1830 ,600000 
1110 ,406000 
5150 ,1380000 
2460 ,579950 
4300 ,1450000 
3310 ,670000 
1160 ,459000 
2140 ,589999 
2198 ,388000 
1590 ,305000 
2470 ,337000 
3830 ,1700000 
3087 ,399950 
1900 ,579000 
1500 ,490000 
710 ,399950 
4170 ,1090000 
2500 ,350000 
2520 ,610685 
2310 ,400000 
1020 ,402101 
